llama__Chart-10__C1,/mnt/d/semester5/swt301/research/comparative-llms-test-generation/_d4j_work/_smells/llama/Chart-10_C1/org/jfree/chart/imagemap/StandardToolTipTagFragmentGeneratorTest.java,/mnt/d/semester5/swt301/research/comparative-llms-test-generation/_d4j_work/Chart_10f/source/org/jfree/chart/imagemap/StandardToolTipTagFragmentGenerator.java
llama__Chart-10__C2,/mnt/d/semester5/swt301/research/comparative-llms-test-generation/_d4j_work/_smells/llama/Chart-10_C2/org/jfree/chart/imagemap/StandardToolTipTagFragmentGeneratorTest.java,/mnt/d/semester5/swt301/research/comparative-llms-test-generation/_d4j_work/Chart_10f/source/org/jfree/chart/imagemap/StandardToolTipTagFragmentGenerator.java
llama__Chart-11__C1,/mnt/d/semester5/swt301/research/comparative-llms-test-generation/_d4j_work/_smells/llama/Chart-11_C1/org/jfree/util/ShapeUtilitiesTest.java,/mnt/d/semester5/swt301/research/comparative-llms-test-generation/_d4j_work/Chart_11f/source/org/jfree/chart/util/ShapeUtilities.java
llama__Chart-11__C2,/mnt/d/semester5/swt301/research/comparative-llms-test-generation/_d4j_work/_smells/llama/Chart-11_C2/org/jfree/util/ShapeUtilitiesTest.java,/mnt/d/semester5/swt301/research/comparative-llms-test-generation/_d4j_work/Chart_11f/source/org/jfree/chart/util/ShapeUtilities.java
llama__Chart-15__C1,/mnt/d/semester5/swt301/research/comparative-llms-test-generation/_d4j_work/_smells/llama/Chart-15_C1/org/jfree/chart/plot/PiePlotTest.java,/mnt/d/semester5/swt301/research/comparative-llms-test-generation/_d4j_work/Chart_15f/source/org/jfree/chart/plot/PiePlot.java
llama__Chart-15__C2,/mnt/d/semester5/swt301/research/comparative-llms-test-generation/_d4j_work/_smells/llama/Chart-15_C2/org/jfree/chart/plot/PiePlotTest.java,/mnt/d/semester5/swt301/research/comparative-llms-test-generation/_d4j_work/Chart_15f/source/org/jfree/chart/plot/PiePlot.java
llama__Chart-17__C1,/mnt/d/semester5/swt301/research/comparative-llms-test-generation/_d4j_work/_smells/llama/Chart-17_C1/org/jfree/data/time/TimeSeriesTest.java,/mnt/d/semester5/swt301/research/comparative-llms-test-generation/_d4j_work/Chart_17f/source/org/jfree/data/time/TimeSeries.java
llama__Chart-17__C2,/mnt/d/semester5/swt301/research/comparative-llms-test-generation/_d4j_work/_smells/llama/Chart-17_C2/org/jfree/data/time/TimeSeriesTest.java,/mnt/d/semester5/swt301/research/comparative-llms-test-generation/_d4j_work/Chart_17f/source/org/jfree/data/time/TimeSeries.java
llama__Chart-19__C1,/mnt/d/semester5/swt301/research/comparative-llms-test-generation/_d4j_work/_smells/llama/Chart-19_C1/org/jfree/chart/plot/CategoryPlotTest.java,/mnt/d/semester5/swt301/research/comparative-llms-test-generation/_d4j_work/Chart_19f/source/org/jfree/chart/plot/CategoryPlot.java
llama__Chart-19__C2,/mnt/d/semester5/swt301/research/comparative-llms-test-generation/_d4j_work/_smells/llama/Chart-19_C2/org/jfree/chart/plot/CategoryPlotTest.java,/mnt/d/semester5/swt301/research/comparative-llms-test-generation/_d4j_work/Chart_19f/source/org/jfree/chart/plot/CategoryPlot.java
llama__Chart-1__C1,/mnt/d/semester5/swt301/research/comparative-llms-test-generation/_d4j_work/_smells/llama/Chart-1_C1/org/jfree/chart/renderer/category/AbstractCategoryItemRendererTest.java,/mnt/d/semester5/swt301/research/comparative-llms-test-generation/_d4j_work/Chart_1f/source/org/jfree/chart/renderer/category/AbstractCategoryItemRenderer.java
llama__Chart-1__C2,/mnt/d/semester5/swt301/research/comparative-llms-test-generation/_d4j_work/_smells/llama/Chart-1_C2/org/jfree/chart/renderer/category/AbstractCategoryItemRendererTest.java,/mnt/d/semester5/swt301/research/comparative-llms-test-generation/_d4j_work/Chart_1f/source/org/jfree/chart/renderer/category/AbstractCategoryItemRenderer.java
llama__Chart-21__C1,/mnt/d/semester5/swt301/research/comparative-llms-test-generation/_d4j_work/_smells/llama/Chart-21_C1/org/jfree/data/statistics/DefaultBoxAndWhiskerCategoryDatasetTest.java,/mnt/d/semester5/swt301/research/comparative-llms-test-generation/_d4j_work/Chart_21f/source/org/jfree/data/statistics/DefaultBoxAndWhiskerCategoryDataset.java
llama__Chart-21__C2,/mnt/d/semester5/swt301/research/comparative-llms-test-generation/_d4j_work/_smells/llama/Chart-21_C2/org/jfree/data/statistics/DefaultBoxAndWhiskerCategoryDatasetTest.java,/mnt/d/semester5/swt301/research/comparative-llms-test-generation/_d4j_work/Chart_21f/source/org/jfree/data/statistics/DefaultBoxAndWhiskerCategoryDataset.java
llama__Chart-22__C1,/mnt/d/semester5/swt301/research/comparative-llms-test-generation/_d4j_work/_smells/llama/Chart-22_C1/org/jfree/data/KeyedObjects2DTest.java,/mnt/d/semester5/swt301/research/comparative-llms-test-generation/_d4j_work/Chart_22f/source/org/jfree/data/KeyedObjects2D.java
llama__Chart-22__C2,/mnt/d/semester5/swt301/research/comparative-llms-test-generation/_d4j_work/_smells/llama/Chart-22_C2/org/jfree/data/KeyedObjects2DTest.java,/mnt/d/semester5/swt301/research/comparative-llms-test-generation/_d4j_work/Chart_22f/source/org/jfree/data/KeyedObjects2D.java
llama__Chart-23__C1,/mnt/d/semester5/swt301/research/comparative-llms-test-generation/_d4j_work/_smells/llama/Chart-23_C1/org/jfree/chart/renderer/category/MinMaxCategoryRendererTest.java,/mnt/d/semester5/swt301/research/comparative-llms-test-generation/_d4j_work/Chart_23f/source/org/jfree/chart/renderer/category/MinMaxCategoryRenderer.java
llama__Chart-23__C2,/mnt/d/semester5/swt301/research/comparative-llms-test-generation/_d4j_work/_smells/llama/Chart-23_C2/org/jfree/chart/renderer/category/MinMaxCategoryRendererTest.java,/mnt/d/semester5/swt301/research/comparative-llms-test-generation/_d4j_work/Chart_23f/source/org/jfree/chart/renderer/category/MinMaxCategoryRenderer.java
llama__Chart-24__C1,/mnt/d/semester5/swt301/research/comparative-llms-test-generation/_d4j_work/_smells/llama/Chart-24_C1/org/jfree/chart/renderer/GrayPaintScaleTest.java,/mnt/d/semester5/swt301/research/comparative-llms-test-generation/_d4j_work/Chart_24f/source/org/jfree/chart/renderer/GrayPaintScale.java
llama__Chart-24__C2,/mnt/d/semester5/swt301/research/comparative-llms-test-generation/_d4j_work/_smells/llama/Chart-24_C2/org/jfree/chart/renderer/GrayPaintScaleTest.java,/mnt/d/semester5/swt301/research/comparative-llms-test-generation/_d4j_work/Chart_24f/source/org/jfree/chart/renderer/GrayPaintScale.java
llama__Lang-10__C1,/mnt/d/semester5/swt301/research/comparative-llms-test-generation/_d4j_work/_smells/llama/Lang-10_C1/org/apache/commons/lang3/time/FastDateParserTest.java,/mnt/d/semester5/swt301/research/comparative-llms-test-generation/_d4j_work/Lang_10f/src/main/java/org/apache/commons/lang3/time/FastDateParser.java
llama__Lang-10__C2,/mnt/d/semester5/swt301/research/comparative-llms-test-generation/_d4j_work/_smells/llama/Lang-10_C2/org/apache/commons/lang3/time/FastDateParserTest.java,/mnt/d/semester5/swt301/research/comparative-llms-test-generation/_d4j_work/Lang_10f/src/main/java/org/apache/commons/lang3/time/FastDateParser.java
llama__Lang-19__C1,/mnt/d/semester5/swt301/research/comparative-llms-test-generation/_d4j_work/_smells/llama/Lang-19_C1/org/apache/commons/lang3/text/translate/NumericEntityUnescaperTest.java,/mnt/d/semester5/swt301/research/comparative-llms-test-generation/_d4j_work/Lang_19f/src/main/java/org/apache/commons/lang3/text/translate/NumericEntityUnescaper.java
llama__Lang-19__C2,/mnt/d/semester5/swt301/research/comparative-llms-test-generation/_d4j_work/_smells/llama/Lang-19_C2/org/apache/commons/lang3/text/translate/NumericEntityUnescaperTest.java,/mnt/d/semester5/swt301/research/comparative-llms-test-generation/_d4j_work/Lang_19f/src/main/java/org/apache/commons/lang3/text/translate/NumericEntityUnescaper.java
llama__Lang-22__C1,/mnt/d/semester5/swt301/research/comparative-llms-test-generation/_d4j_work/_smells/llama/Lang-22_C1/org/apache/commons/lang3/math/FractionTest.java,/mnt/d/semester5/swt301/research/comparative-llms-test-generation/_d4j_work/Lang_22f/src/main/java/org/apache/commons/lang3/math/Fraction.java
llama__Lang-22__C2,/mnt/d/semester5/swt301/research/comparative-llms-test-generation/_d4j_work/_smells/llama/Lang-22_C2/org/apache/commons/lang3/math/FractionTest.java,/mnt/d/semester5/swt301/research/comparative-llms-test-generation/_d4j_work/Lang_22f/src/main/java/org/apache/commons/lang3/math/Fraction.java
llama__Lang-26__C1,/mnt/d/semester5/swt301/research/comparative-llms-test-generation/_d4j_work/_smells/llama/Lang-26_C1/org/apache/commons/lang3/time/FastDateFormatTest.java,/mnt/d/semester5/swt301/research/comparative-llms-test-generation/_d4j_work/Lang_26f/src/main/java/org/apache/commons/lang3/time/FastDateFormat.java
llama__Lang-26__C2,/mnt/d/semester5/swt301/research/comparative-llms-test-generation/_d4j_work/_smells/llama/Lang-26_C2/org/apache/commons/lang3/time/FastDateFormatTest.java,/mnt/d/semester5/swt301/research/comparative-llms-test-generation/_d4j_work/Lang_26f/src/main/java/org/apache/commons/lang3/time/FastDateFormat.java
llama__Lang-30__C1,/mnt/d/semester5/swt301/research/comparative-llms-test-generation/_d4j_work/_smells/llama/Lang-30_C1/org/apache/commons/lang3/StringUtilsTest.java,/mnt/d/semester5/swt301/research/comparative-llms-test-generation/_d4j_work/Lang_30f/src/main/java/org/apache/commons/lang3/StringUtils.java
llama__Lang-30__C2,/mnt/d/semester5/swt301/research/comparative-llms-test-generation/_d4j_work/_smells/llama/Lang-30_C2/org/apache/commons/lang3/StringUtilsTest.java,/mnt/d/semester5/swt301/research/comparative-llms-test-generation/_d4j_work/Lang_30f/src/main/java/org/apache/commons/lang3/StringUtils.java
llama__Lang-41__C1,/mnt/d/semester5/swt301/research/comparative-llms-test-generation/_d4j_work/_smells/llama/Lang-41_C1/org/apache/commons/lang/ClassUtilsTest.java,/mnt/d/semester5/swt301/research/comparative-llms-test-generation/_d4j_work/Lang_41f/src/java/org/apache/commons/lang/ClassUtils.java
llama__Lang-41__C2,/mnt/d/semester5/swt301/research/comparative-llms-test-generation/_d4j_work/_smells/llama/Lang-41_C2/org/apache/commons/lang/ClassUtilsTest.java,/mnt/d/semester5/swt301/research/comparative-llms-test-generation/_d4j_work/Lang_41f/src/java/org/apache/commons/lang/ClassUtils.java
llama__Lang-42__C1,/mnt/d/semester5/swt301/research/comparative-llms-test-generation/_d4j_work/_smells/llama/Lang-42_C1/org/apache/commons/lang/EntitiesTest.java,/mnt/d/semester5/swt301/research/comparative-llms-test-generation/_d4j_work/Lang_42f/src/java/org/apache/commons/lang/Entities.java
llama__Lang-42__C2,/mnt/d/semester5/swt301/research/comparative-llms-test-generation/_d4j_work/_smells/llama/Lang-42_C2/org/apache/commons/lang/EntitiesTest.java,/mnt/d/semester5/swt301/research/comparative-llms-test-generation/_d4j_work/Lang_42f/src/java/org/apache/commons/lang/Entities.java
llama__Lang-57__C1,/mnt/d/semester5/swt301/research/comparative-llms-test-generation/_d4j_work/_smells/llama/Lang-57_C1/org/apache/commons/lang/LocaleUtilsTest.java,/mnt/d/semester5/swt301/research/comparative-llms-test-generation/_d4j_work/Lang_57f/src/java/org/apache/commons/lang/LocaleUtils.java
llama__Lang-57__C2,/mnt/d/semester5/swt301/research/comparative-llms-test-generation/_d4j_work/_smells/llama/Lang-57_C2/org/apache/commons/lang/LocaleUtilsTest.java,/mnt/d/semester5/swt301/research/comparative-llms-test-generation/_d4j_work/Lang_57f/src/java/org/apache/commons/lang/LocaleUtils.java
llama__Lang-60__C1,/mnt/d/semester5/swt301/research/comparative-llms-test-generation/_d4j_work/_smells/llama/Lang-60_C1/org/apache/commons/lang/text/StrBuilderTest.java,/mnt/d/semester5/swt301/research/comparative-llms-test-generation/_d4j_work/Lang_60f/src/java/org/apache/commons/lang/text/StrBuilder.java
llama__Lang-60__C2,/mnt/d/semester5/swt301/research/comparative-llms-test-generation/_d4j_work/_smells/llama/Lang-60_C2/org/apache/commons/lang/text/StrBuilderTest.java,/mnt/d/semester5/swt301/research/comparative-llms-test-generation/_d4j_work/Lang_60f/src/java/org/apache/commons/lang/text/StrBuilder.java
llama__Lang-8__C1,/mnt/d/semester5/swt301/research/comparative-llms-test-generation/_d4j_work/_smells/llama/Lang-8_C1/org/apache/commons/lang3/time/FastDatePrinterTest.java,/mnt/d/semester5/swt301/research/comparative-llms-test-generation/_d4j_work/Lang_8f/src/main/java/org/apache/commons/lang3/time/FastDatePrinter.java
llama__Lang-8__C2,/mnt/d/semester5/swt301/research/comparative-llms-test-generation/_d4j_work/_smells/llama/Lang-8_C2/org/apache/commons/lang3/time/FastDatePrinterTest.java,/mnt/d/semester5/swt301/research/comparative-llms-test-generation/_d4j_work/Lang_8f/src/main/java/org/apache/commons/lang3/time/FastDatePrinter.java
llama__Math-27__C1,/mnt/d/semester5/swt301/research/comparative-llms-test-generation/_d4j_work/_smells/llama/Math-27_C1/org/apache/commons/math3/fraction/FractionTest.java,/mnt/d/semester5/swt301/research/comparative-llms-test-generation/_d4j_work/Math_27f/src/main/java/org/apache/commons/math3/fraction/Fraction.java
llama__Math-27__C2,/mnt/d/semester5/swt301/research/comparative-llms-test-generation/_d4j_work/_smells/llama/Math-27_C2/org/apache/commons/math3/fraction/FractionTest.java,/mnt/d/semester5/swt301/research/comparative-llms-test-generation/_d4j_work/Math_27f/src/main/java/org/apache/commons/math3/fraction/Fraction.java
llama__Math-2__C1,/mnt/d/semester5/swt301/research/comparative-llms-test-generation/_d4j_work/_smells/llama/Math-2_C1/org/apache/commons/math3/distribution/HypergeometricDistributionTest.java,/mnt/d/semester5/swt301/research/comparative-llms-test-generation/_d4j_work/Math_2f/src/main/java/org/apache/commons/math3/distribution/HypergeometricDistribution.java
llama__Math-2__C2,/mnt/d/semester5/swt301/research/comparative-llms-test-generation/_d4j_work/_smells/llama/Math-2_C2/org/apache/commons/math3/distribution/HypergeometricDistributionTest.java,/mnt/d/semester5/swt301/research/comparative-llms-test-generation/_d4j_work/Math_2f/src/main/java/org/apache/commons/math3/distribution/HypergeometricDistribution.java
llama__Math-53__C1,/mnt/d/semester5/swt301/research/comparative-llms-test-generation/_d4j_work/_smells/llama/Math-53_C1/org/apache/commons/math/complex/ComplexTest.java,/mnt/d/semester5/swt301/research/comparative-llms-test-generation/_d4j_work/Math_53f/src/main/java/org/apache/commons/math/complex/Complex.java
llama__Math-53__C2,/mnt/d/semester5/swt301/research/comparative-llms-test-generation/_d4j_work/_smells/llama/Math-53_C2/org/apache/commons/math/complex/ComplexTest.java,/mnt/d/semester5/swt301/research/comparative-llms-test-generation/_d4j_work/Math_53f/src/main/java/org/apache/commons/math/complex/Complex.java
llama__Math-55__C1,/mnt/d/semester5/swt301/research/comparative-llms-test-generation/_d4j_work/_smells/llama/Math-55_C1/org/apache/commons/math/geometry/Vector3DTest.java,/mnt/d/semester5/swt301/research/comparative-llms-test-generation/_d4j_work/Math_55f/src/main/java/org/apache/commons/math/geometry/Vector3D.java
llama__Math-55__C2,/mnt/d/semester5/swt301/research/comparative-llms-test-generation/_d4j_work/_smells/llama/Math-55_C2/org/apache/commons/math/geometry/Vector3DTest.java,/mnt/d/semester5/swt301/research/comparative-llms-test-generation/_d4j_work/Math_55f/src/main/java/org/apache/commons/math/geometry/Vector3D.java
llama__Math-59__C1,/mnt/d/semester5/swt301/research/comparative-llms-test-generation/_d4j_work/_smells/llama/Math-59_C1/org/apache/commons/math/util/FastMathTest.java,/mnt/d/semester5/swt301/research/comparative-llms-test-generation/_d4j_work/Math_59f/src/main/java/org/apache/commons/math/util/FastMath.java
llama__Math-59__C2,/mnt/d/semester5/swt301/research/comparative-llms-test-generation/_d4j_work/_smells/llama/Math-59_C2/org/apache/commons/math/util/FastMathTest.java,/mnt/d/semester5/swt301/research/comparative-llms-test-generation/_d4j_work/Math_59f/src/main/java/org/apache/commons/math/util/FastMath.java
llama__Math-63__C1,/mnt/d/semester5/swt301/research/comparative-llms-test-generation/_d4j_work/_smells/llama/Math-63_C1/org/apache/commons/math/util/MathUtilsTest.java,/mnt/d/semester5/swt301/research/comparative-llms-test-generation/_d4j_work/Math_63f/src/main/java/org/apache/commons/math/util/MathUtils.java
llama__Math-63__C2,/mnt/d/semester5/swt301/research/comparative-llms-test-generation/_d4j_work/_smells/llama/Math-63_C2/org/apache/commons/math/util/MathUtilsTest.java,/mnt/d/semester5/swt301/research/comparative-llms-test-generation/_d4j_work/Math_63f/src/main/java/org/apache/commons/math/util/MathUtils.java
llama__Math-70__C1,/mnt/d/semester5/swt301/research/comparative-llms-test-generation/_d4j_work/_smells/llama/Math-70_C1/org/apache/commons/math/analysis/solvers/BisectionSolverTest.java,/mnt/d/semester5/swt301/research/comparative-llms-test-generation/_d4j_work/Math_70f/src/main/java/org/apache/commons/math/analysis/solvers/BisectionSolver.java
llama__Math-70__C2,/mnt/d/semester5/swt301/research/comparative-llms-test-generation/_d4j_work/_smells/llama/Math-70_C2/org/apache/commons/math/analysis/solvers/BisectionSolverTest.java,/mnt/d/semester5/swt301/research/comparative-llms-test-generation/_d4j_work/Math_70f/src/main/java/org/apache/commons/math/analysis/solvers/BisectionSolver.java
llama__Math-75__C1,/mnt/d/semester5/swt301/research/comparative-llms-test-generation/_d4j_work/_smells/llama/Math-75_C1/org/apache/commons/math/stat/FrequencyTest.java,/mnt/d/semester5/swt301/research/comparative-llms-test-generation/_d4j_work/Math_75f/src/main/java/org/apache/commons/math/stat/Frequency.java
llama__Math-75__C2,/mnt/d/semester5/swt301/research/comparative-llms-test-generation/_d4j_work/_smells/llama/Math-75_C2/org/apache/commons/math/stat/FrequencyTest.java,/mnt/d/semester5/swt301/research/comparative-llms-test-generation/_d4j_work/Math_75f/src/main/java/org/apache/commons/math/stat/Frequency.java
llama__Math-79__C1,/mnt/d/semester5/swt301/research/comparative-llms-test-generation/_d4j_work/_smells/llama/Math-79_C1/org/apache/commons/math/util/MathUtilsTest.java,/mnt/d/semester5/swt301/research/comparative-llms-test-generation/_d4j_work/Math_79f/src/main/java/org/apache/commons/math/util/MathUtils.java
llama__Math-79__C2,/mnt/d/semester5/swt301/research/comparative-llms-test-generation/_d4j_work/_smells/llama/Math-79_C2/org/apache/commons/math/util/MathUtilsTest.java,/mnt/d/semester5/swt301/research/comparative-llms-test-generation/_d4j_work/Math_79f/src/main/java/org/apache/commons/math/util/MathUtils.java
llama__Math-9__C1,/mnt/d/semester5/swt301/research/comparative-llms-test-generation/_d4j_work/_smells/llama/Math-9_C1/org/apache/commons/math3/geometry/euclidean/threed/LineTest.java,/mnt/d/semester5/swt301/research/comparative-llms-test-generation/_d4j_work/Math_9f/src/main/java/org/apache/commons/math3/geometry/euclidean/threed/Line.java
llama__Math-9__C2,/mnt/d/semester5/swt301/research/comparative-llms-test-generation/_d4j_work/_smells/llama/Math-9_C2/org/apache/commons/math3/geometry/euclidean/threed/LineTest.java,/mnt/d/semester5/swt301/research/comparative-llms-test-generation/_d4j_work/Math_9f/src/main/java/org/apache/commons/math3/geometry/euclidean/threed/Line.java
gemini__Chart-10__C1,/mnt/d/semester5/swt301/research/comparative-llms-test-generation/_d4j_work/_smells/gemini/Chart-10_C1/org/jfree/chart/imagemap/gemini_Chart_10_C1_Test.java,/mnt/d/semester5/swt301/research/comparative-llms-test-generation/_d4j_work/Chart_10f/source/org/jfree/chart/imagemap/StandardToolTipTagFragmentGenerator.java
gemini__Chart-10__C2,/mnt/d/semester5/swt301/research/comparative-llms-test-generation/_d4j_work/_smells/gemini/Chart-10_C2/org/jfree/chart/imagemap/gemini_Chart_10_C2_Test.java,/mnt/d/semester5/swt301/research/comparative-llms-test-generation/_d4j_work/Chart_10f/source/org/jfree/chart/imagemap/StandardToolTipTagFragmentGenerator.java
gemini__Chart-11__C1,/mnt/d/semester5/swt301/research/comparative-llms-test-generation/_d4j_work/_smells/gemini/Chart-11_C1/org/jfree/chart/util/gemini_Chart_11_C1_Test.java,/mnt/d/semester5/swt301/research/comparative-llms-test-generation/_d4j_work/Chart_11f/source/org/jfree/chart/util/ShapeUtilities.java
gemini__Chart-11__C2,/mnt/d/semester5/swt301/research/comparative-llms-test-generation/_d4j_work/_smells/gemini/Chart-11_C2/org/jfree/chart/util/gemini_Chart_11_C2_Test.java,/mnt/d/semester5/swt301/research/comparative-llms-test-generation/_d4j_work/Chart_11f/source/org/jfree/chart/util/ShapeUtilities.java
gemini__Chart-15__C1,/mnt/d/semester5/swt301/research/comparative-llms-test-generation/_d4j_work/_smells/gemini/Chart-15_C1/org/jfree/chart/plot/gemini_Chart_15_C1_Test.java,/mnt/d/semester5/swt301/research/comparative-llms-test-generation/_d4j_work/Chart_15f/source/org/jfree/chart/plot/PiePlot.java
gemini__Chart-15__C2,/mnt/d/semester5/swt301/research/comparative-llms-test-generation/_d4j_work/_smells/gemini/Chart-15_C2/org/jfree/chart/plot/gemini_Chart_15_C2_Test.java,/mnt/d/semester5/swt301/research/comparative-llms-test-generation/_d4j_work/Chart_15f/source/org/jfree/chart/plot/PiePlot.java
gemini__Chart-17__C1,/mnt/d/semester5/swt301/research/comparative-llms-test-generation/_d4j_work/_smells/gemini/Chart-17_C1/org/jfree/data/time/gemini_Chart_17_C1_Test.java,/mnt/d/semester5/swt301/research/comparative-llms-test-generation/_d4j_work/Chart_17f/source/org/jfree/data/time/TimeSeries.java
gemini__Chart-17__C2,/mnt/d/semester5/swt301/research/comparative-llms-test-generation/_d4j_work/_smells/gemini/Chart-17_C2/org/jfree/data/time/gemini_Chart_17_C2_Test.java,/mnt/d/semester5/swt301/research/comparative-llms-test-generation/_d4j_work/Chart_17f/source/org/jfree/data/time/TimeSeries.java
gemini__Chart-19__C1,/mnt/d/semester5/swt301/research/comparative-llms-test-generation/_d4j_work/_smells/gemini/Chart-19_C1/org/jfree/chart/plot/gemini_Chart_19_C1_Test.java,/mnt/d/semester5/swt301/research/comparative-llms-test-generation/_d4j_work/Chart_19f/source/org/jfree/chart/plot/CategoryPlot.java
gemini__Chart-19__C2,/mnt/d/semester5/swt301/research/comparative-llms-test-generation/_d4j_work/_smells/gemini/Chart-19_C2/org/jfree/chart/plot/gemini_Chart_19_C2_Test.java,/mnt/d/semester5/swt301/research/comparative-llms-test-generation/_d4j_work/Chart_19f/source/org/jfree/chart/plot/CategoryPlot.java
gemini__Chart-1__C1,/mnt/d/semester5/swt301/research/comparative-llms-test-generation/_d4j_work/_smells/gemini/Chart-1_C1/org/jfree/chart/renderer/category/gemini_Chart_1_C1_Test.java,/mnt/d/semester5/swt301/research/comparative-llms-test-generation/_d4j_work/Chart_1f/source/org/jfree/chart/renderer/category/AbstractCategoryItemRenderer.java
gemini__Chart-1__C2,/mnt/d/semester5/swt301/research/comparative-llms-test-generation/_d4j_work/_smells/gemini/Chart-1_C2/org/jfree/chart/renderer/category/gemini_Chart_1_C2_Test.java,/mnt/d/semester5/swt301/research/comparative-llms-test-generation/_d4j_work/Chart_1f/source/org/jfree/chart/renderer/category/AbstractCategoryItemRenderer.java
gemini__Chart-21__C1,/mnt/d/semester5/swt301/research/comparative-llms-test-generation/_d4j_work/_smells/gemini/Chart-21_C1/org/jfree/data/statistics/gemini_Chart_21_C1_Test.java,/mnt/d/semester5/swt301/research/comparative-llms-test-generation/_d4j_work/Chart_21f/source/org/jfree/data/statistics/DefaultBoxAndWhiskerCategoryDataset.java
gemini__Chart-21__C2,/mnt/d/semester5/swt301/research/comparative-llms-test-generation/_d4j_work/_smells/gemini/Chart-21_C2/org/jfree/data/statistics/gemini_Chart_21_C2_Test.java,/mnt/d/semester5/swt301/research/comparative-llms-test-generation/_d4j_work/Chart_21f/source/org/jfree/data/statistics/DefaultBoxAndWhiskerCategoryDataset.java
gemini__Chart-22__C1,/mnt/d/semester5/swt301/research/comparative-llms-test-generation/_d4j_work/_smells/gemini/Chart-22_C1/org/jfree/data/gemini_Chart_22_C1_Test.java,/mnt/d/semester5/swt301/research/comparative-llms-test-generation/_d4j_work/Chart_22f/source/org/jfree/data/KeyedObjects2D.java
gemini__Chart-22__C2,/mnt/d/semester5/swt301/research/comparative-llms-test-generation/_d4j_work/_smells/gemini/Chart-22_C2/org/jfree/data/gemini_Chart_22_C2_Test.java,/mnt/d/semester5/swt301/research/comparative-llms-test-generation/_d4j_work/Chart_22f/source/org/jfree/data/KeyedObjects2D.java
gemini__Chart-23__C1,/mnt/d/semester5/swt301/research/comparative-llms-test-generation/_d4j_work/_smells/gemini/Chart-23_C1/org/jfree/chart/renderer/category/gemini_Chart_23_C1_Test.java,/mnt/d/semester5/swt301/research/comparative-llms-test-generation/_d4j_work/Chart_23f/source/org/jfree/chart/renderer/category/MinMaxCategoryRenderer.java
gemini__Chart-23__C2,/mnt/d/semester5/swt301/research/comparative-llms-test-generation/_d4j_work/_smells/gemini/Chart-23_C2/org/jfree/chart/renderer/category/gemini_Chart_23_C2_Test.java,/mnt/d/semester5/swt301/research/comparative-llms-test-generation/_d4j_work/Chart_23f/source/org/jfree/chart/renderer/category/MinMaxCategoryRenderer.java
gemini__Chart-24__C1,/mnt/d/semester5/swt301/research/comparative-llms-test-generation/_d4j_work/_smells/gemini/Chart-24_C1/org/jfree/chart/renderer/gemini_Chart_24_C1_Test.java,/mnt/d/semester5/swt301/research/comparative-llms-test-generation/_d4j_work/Chart_24f/source/org/jfree/chart/renderer/GrayPaintScale.java
gemini__Chart-24__C2,/mnt/d/semester5/swt301/research/comparative-llms-test-generation/_d4j_work/_smells/gemini/Chart-24_C2/org/jfree/chart/renderer/gemini_Chart_24_C2_Test.java,/mnt/d/semester5/swt301/research/comparative-llms-test-generation/_d4j_work/Chart_24f/source/org/jfree/chart/renderer/GrayPaintScale.java
gemini__Lang-10__C1,/mnt/d/semester5/swt301/research/comparative-llms-test-generation/_d4j_work/_smells/gemini/Lang-10_C1/org/apache/commons/lang3/time/gemini_Lang_10_C1_Test.java,/mnt/d/semester5/swt301/research/comparative-llms-test-generation/_d4j_work/Lang_10f/src/main/java/org/apache/commons/lang3/time/FastDateParser.java
gemini__Lang-10__C2,/mnt/d/semester5/swt301/research/comparative-llms-test-generation/_d4j_work/_smells/gemini/Lang-10_C2/org/apache/commons/lang3/time/gemini_Lang_10_C2_Test.java,/mnt/d/semester5/swt301/research/comparative-llms-test-generation/_d4j_work/Lang_10f/src/main/java/org/apache/commons/lang3/time/FastDateParser.java
gemini__Lang-19__C1,/mnt/d/semester5/swt301/research/comparative-llms-test-generation/_d4j_work/_smells/gemini/Lang-19_C1/org/apache/commons/lang3/text/translate/gemini_Lang_19_C1_Test.java,/mnt/d/semester5/swt301/research/comparative-llms-test-generation/_d4j_work/Lang_19f/src/main/java/org/apache/commons/lang3/text/translate/NumericEntityUnescaper.java
gemini__Lang-19__C2,/mnt/d/semester5/swt301/research/comparative-llms-test-generation/_d4j_work/_smells/gemini/Lang-19_C2/org/apache/commons/lang3/text/translate/gemini_Lang_19_C2_Test.java,/mnt/d/semester5/swt301/research/comparative-llms-test-generation/_d4j_work/Lang_19f/src/main/java/org/apache/commons/lang3/text/translate/NumericEntityUnescaper.java
gemini__Lang-22__C1,/mnt/d/semester5/swt301/research/comparative-llms-test-generation/_d4j_work/_smells/gemini/Lang-22_C1/org/apache/commons/lang3/math/gemini_Lang_22_C1_Test.java,/mnt/d/semester5/swt301/research/comparative-llms-test-generation/_d4j_work/Lang_22f/src/main/java/org/apache/commons/lang3/math/Fraction.java
gemini__Lang-22__C2,/mnt/d/semester5/swt301/research/comparative-llms-test-generation/_d4j_work/_smells/gemini/Lang-22_C2/org/apache/commons/lang3/math/gemini_Lang_22_C2_Test.java,/mnt/d/semester5/swt301/research/comparative-llms-test-generation/_d4j_work/Lang_22f/src/main/java/org/apache/commons/lang3/math/Fraction.java
gemini__Lang-26__C1,/mnt/d/semester5/swt301/research/comparative-llms-test-generation/_d4j_work/_smells/gemini/Lang-26_C1/org/apache/commons/lang3/time/gemini_Lang_26_C1_Test.java,/mnt/d/semester5/swt301/research/comparative-llms-test-generation/_d4j_work/Lang_26f/src/main/java/org/apache/commons/lang3/time/FastDateFormat.java
gemini__Lang-26__C2,/mnt/d/semester5/swt301/research/comparative-llms-test-generation/_d4j_work/_smells/gemini/Lang-26_C2/org/apache/commons/lang3/time/gemini_Lang_26_C2_Test.java,/mnt/d/semester5/swt301/research/comparative-llms-test-generation/_d4j_work/Lang_26f/src/main/java/org/apache/commons/lang3/time/FastDateFormat.java
gemini__Lang-30__C1,/mnt/d/semester5/swt301/research/comparative-llms-test-generation/_d4j_work/_smells/gemini/Lang-30_C1/org/apache/commons/lang3/gemini_Lang_30_C1_Test.java,/mnt/d/semester5/swt301/research/comparative-llms-test-generation/_d4j_work/Lang_30f/src/main/java/org/apache/commons/lang3/StringUtils.java
gemini__Lang-30__C2,/mnt/d/semester5/swt301/research/comparative-llms-test-generation/_d4j_work/_smells/gemini/Lang-30_C2/org/apache/commons/lang3/gemini_Lang_30_C2_Test.java,/mnt/d/semester5/swt301/research/comparative-llms-test-generation/_d4j_work/Lang_30f/src/main/java/org/apache/commons/lang3/StringUtils.java
gemini__Lang-41__C1,/mnt/d/semester5/swt301/research/comparative-llms-test-generation/_d4j_work/_smells/gemini/Lang-41_C1/org/apache/commons/lang/gemini_Lang_41_C1_Test.java,/mnt/d/semester5/swt301/research/comparative-llms-test-generation/_d4j_work/Lang_41f/src/java/org/apache/commons/lang/ClassUtils.java
gemini__Lang-41__C2,/mnt/d/semester5/swt301/research/comparative-llms-test-generation/_d4j_work/_smells/gemini/Lang-41_C2/org/apache/commons/lang/gemini_Lang_41_C2_Test.java,/mnt/d/semester5/swt301/research/comparative-llms-test-generation/_d4j_work/Lang_41f/src/java/org/apache/commons/lang/ClassUtils.java
gemini__Lang-42__C1,/mnt/d/semester5/swt301/research/comparative-llms-test-generation/_d4j_work/_smells/gemini/Lang-42_C1/org/apache/commons/lang/gemini_Lang_42_C1_Test.java,/mnt/d/semester5/swt301/research/comparative-llms-test-generation/_d4j_work/Lang_42f/src/java/org/apache/commons/lang/Entities.java
gemini__Lang-42__C2,/mnt/d/semester5/swt301/research/comparative-llms-test-generation/_d4j_work/_smells/gemini/Lang-42_C2/org/apache/commons/lang/gemini_Lang_42_C2_Test.java,/mnt/d/semester5/swt301/research/comparative-llms-test-generation/_d4j_work/Lang_42f/src/java/org/apache/commons/lang/Entities.java
gemini__Lang-57__C1,/mnt/d/semester5/swt301/research/comparative-llms-test-generation/_d4j_work/_smells/gemini/Lang-57_C1/org/apache/commons/lang/gemini_Lang_57_C1_Test.java,/mnt/d/semester5/swt301/research/comparative-llms-test-generation/_d4j_work/Lang_57f/src/java/org/apache/commons/lang/LocaleUtils.java
gemini__Lang-57__C2,/mnt/d/semester5/swt301/research/comparative-llms-test-generation/_d4j_work/_smells/gemini/Lang-57_C2/org/apache/commons/lang/gemini_Lang_57_C2_Test.java,/mnt/d/semester5/swt301/research/comparative-llms-test-generation/_d4j_work/Lang_57f/src/java/org/apache/commons/lang/LocaleUtils.java
gemini__Lang-60__C1,/mnt/d/semester5/swt301/research/comparative-llms-test-generation/_d4j_work/_smells/gemini/Lang-60_C1/org/apache/commons/lang/text/gemini_Lang_60_C1_Test.java,/mnt/d/semester5/swt301/research/comparative-llms-test-generation/_d4j_work/Lang_60f/src/java/org/apache/commons/lang/text/StrBuilder.java
gemini__Lang-60__C2,/mnt/d/semester5/swt301/research/comparative-llms-test-generation/_d4j_work/_smells/gemini/Lang-60_C2/org/apache/commons/lang/text/gemini_Lang_60_C2_Test.java,/mnt/d/semester5/swt301/research/comparative-llms-test-generation/_d4j_work/Lang_60f/src/java/org/apache/commons/lang/text/StrBuilder.java
gemini__Lang-8__C1,/mnt/d/semester5/swt301/research/comparative-llms-test-generation/_d4j_work/_smells/gemini/Lang-8_C1/org/apache/commons/lang3/time/gemini_Lang_8_C1_Test.java,/mnt/d/semester5/swt301/research/comparative-llms-test-generation/_d4j_work/Lang_8f/src/main/java/org/apache/commons/lang3/time/FastDatePrinter.java
gemini__Lang-8__C2,/mnt/d/semester5/swt301/research/comparative-llms-test-generation/_d4j_work/_smells/gemini/Lang-8_C2/org/apache/commons/lang3/time/gemini_Lang_8_C2_Test.java,/mnt/d/semester5/swt301/research/comparative-llms-test-generation/_d4j_work/Lang_8f/src/main/java/org/apache/commons/lang3/time/FastDatePrinter.java
gemini__Math-27__C1,/mnt/d/semester5/swt301/research/comparative-llms-test-generation/_d4j_work/_smells/gemini/Math-27_C1/org/apache/commons/math3/fraction/gemini_Math_27_C1_Test.java,/mnt/d/semester5/swt301/research/comparative-llms-test-generation/_d4j_work/Math_27f/src/main/java/org/apache/commons/math3/fraction/Fraction.java
gemini__Math-27__C2,/mnt/d/semester5/swt301/research/comparative-llms-test-generation/_d4j_work/_smells/gemini/Math-27_C2/org/apache/commons/math3/fraction/gemini_Math_27_C2_Test.java,/mnt/d/semester5/swt301/research/comparative-llms-test-generation/_d4j_work/Math_27f/src/main/java/org/apache/commons/math3/fraction/Fraction.java
gemini__Math-2__C1,/mnt/d/semester5/swt301/research/comparative-llms-test-generation/_d4j_work/_smells/gemini/Math-2_C1/org/apache/commons/math3/distribution/gemini_Math_2_C1_Test.java,/mnt/d/semester5/swt301/research/comparative-llms-test-generation/_d4j_work/Math_2f/src/main/java/org/apache/commons/math3/distribution/HypergeometricDistribution.java
gemini__Math-2__C2,/mnt/d/semester5/swt301/research/comparative-llms-test-generation/_d4j_work/_smells/gemini/Math-2_C2/org/apache/commons/math3/distribution/gemini_Math_2_C2_Test.java,/mnt/d/semester5/swt301/research/comparative-llms-test-generation/_d4j_work/Math_2f/src/main/java/org/apache/commons/math3/distribution/HypergeometricDistribution.java
gemini__Math-53__C1,/mnt/d/semester5/swt301/research/comparative-llms-test-generation/_d4j_work/_smells/gemini/Math-53_C1/org/apache/commons/math/complex/gemini_Math_53_C1_Test.java,/mnt/d/semester5/swt301/research/comparative-llms-test-generation/_d4j_work/Math_53f/src/main/java/org/apache/commons/math/complex/Complex.java
gemini__Math-53__C2,/mnt/d/semester5/swt301/research/comparative-llms-test-generation/_d4j_work/_smells/gemini/Math-53_C2/org/apache/commons/math/complex/gemini_Math_53_C2_Test.java,/mnt/d/semester5/swt301/research/comparative-llms-test-generation/_d4j_work/Math_53f/src/main/java/org/apache/commons/math/complex/Complex.java
gemini__Math-55__C1,/mnt/d/semester5/swt301/research/comparative-llms-test-generation/_d4j_work/_smells/gemini/Math-55_C1/org/apache/commons/math/geometry/gemini_Math_55_C1_Test.java,/mnt/d/semester5/swt301/research/comparative-llms-test-generation/_d4j_work/Math_55f/src/main/java/org/apache/commons/math/geometry/Vector3D.java
gemini__Math-55__C2,/mnt/d/semester5/swt301/research/comparative-llms-test-generation/_d4j_work/_smells/gemini/Math-55_C2/org/apache/commons/math/geometry/gemini_Math_55_C2_Test.java,/mnt/d/semester5/swt301/research/comparative-llms-test-generation/_d4j_work/Math_55f/src/main/java/org/apache/commons/math/geometry/Vector3D.java
gemini__Math-59__C1,/mnt/d/semester5/swt301/research/comparative-llms-test-generation/_d4j_work/_smells/gemini/Math-59_C1/org/apache/commons/math/util/gemini_Math_59_C1_Test.java,/mnt/d/semester5/swt301/research/comparative-llms-test-generation/_d4j_work/Math_59f/src/main/java/org/apache/commons/math/util/FastMath.java
gemini__Math-59__C2,/mnt/d/semester5/swt301/research/comparative-llms-test-generation/_d4j_work/_smells/gemini/Math-59_C2/org/apache/commons/math/util/gemini_Math_59_C2_Test.java,/mnt/d/semester5/swt301/research/comparative-llms-test-generation/_d4j_work/Math_59f/src/main/java/org/apache/commons/math/util/FastMath.java
gemini__Math-63__C1,/mnt/d/semester5/swt301/research/comparative-llms-test-generation/_d4j_work/_smells/gemini/Math-63_C1/org/apache/commons/math/util/gemini_Math_63_C1_Test.java,/mnt/d/semester5/swt301/research/comparative-llms-test-generation/_d4j_work/Math_63f/src/main/java/org/apache/commons/math/util/MathUtils.java
gemini__Math-63__C2,/mnt/d/semester5/swt301/research/comparative-llms-test-generation/_d4j_work/_smells/gemini/Math-63_C2/org/apache/commons/math/util/gemini_Math_63_C2_Test.java,/mnt/d/semester5/swt301/research/comparative-llms-test-generation/_d4j_work/Math_63f/src/main/java/org/apache/commons/math/util/MathUtils.java
gemini__Math-70__C1,/mnt/d/semester5/swt301/research/comparative-llms-test-generation/_d4j_work/_smells/gemini/Math-70_C1/org/apache/commons/math/analysis/solvers/gemini_Math_70_C1_Test.java,/mnt/d/semester5/swt301/research/comparative-llms-test-generation/_d4j_work/Math_70f/src/main/java/org/apache/commons/math/analysis/solvers/BisectionSolver.java
gemini__Math-70__C2,/mnt/d/semester5/swt301/research/comparative-llms-test-generation/_d4j_work/_smells/gemini/Math-70_C2/org/apache/commons/math/analysis/solvers/gemini_Math_70_C2_Test.java,/mnt/d/semester5/swt301/research/comparative-llms-test-generation/_d4j_work/Math_70f/src/main/java/org/apache/commons/math/analysis/solvers/BisectionSolver.java
gemini__Math-75__C1,/mnt/d/semester5/swt301/research/comparative-llms-test-generation/_d4j_work/_smells/gemini/Math-75_C1/org/apache/commons/math/stat/gemini_Math_75_C1_Test.java,/mnt/d/semester5/swt301/research/comparative-llms-test-generation/_d4j_work/Math_75f/src/main/java/org/apache/commons/math/stat/Frequency.java
gemini__Math-75__C2,/mnt/d/semester5/swt301/research/comparative-llms-test-generation/_d4j_work/_smells/gemini/Math-75_C2/org/apache/commons/math/stat/gemini_Math_75_C2_Test.java,/mnt/d/semester5/swt301/research/comparative-llms-test-generation/_d4j_work/Math_75f/src/main/java/org/apache/commons/math/stat/Frequency.java
gemini__Math-79__C1,/mnt/d/semester5/swt301/research/comparative-llms-test-generation/_d4j_work/_smells/gemini/Math-79_C1/org/apache/commons/math/util/gemini_Math_79_C1_Test.java,/mnt/d/semester5/swt301/research/comparative-llms-test-generation/_d4j_work/Math_79f/src/main/java/org/apache/commons/math/util/MathUtils.java
gemini__Math-79__C2,/mnt/d/semester5/swt301/research/comparative-llms-test-generation/_d4j_work/_smells/gemini/Math-79_C2/org/apache/commons/math/util/gemini_Math_79_C2_Test.java,/mnt/d/semester5/swt301/research/comparative-llms-test-generation/_d4j_work/Math_79f/src/main/java/org/apache/commons/math/util/MathUtils.java
gemini__Math-9__C1,/mnt/d/semester5/swt301/research/comparative-llms-test-generation/_d4j_work/_smells/gemini/Math-9_C1/org/apache/commons/math3/geometry/euclidean/threed/gemini_Math_9_C1_Test.java,/mnt/d/semester5/swt301/research/comparative-llms-test-generation/_d4j_work/Math_9f/src/main/java/org/apache/commons/math3/geometry/euclidean/threed/Line.java
gemini__Math-9__C2,/mnt/d/semester5/swt301/research/comparative-llms-test-generation/_d4j_work/_smells/gemini/Math-9_C2/org/apache/commons/math3/geometry/euclidean/threed/gemini_Math_9_C2_Test.java,/mnt/d/semester5/swt301/research/comparative-llms-test-generation/_d4j_work/Math_9f/src/main/java/org/apache/commons/math3/geometry/euclidean/threed/Line.java
deepseek__Chart-10__C1,/mnt/d/semester5/swt301/research/comparative-llms-test-generation/_d4j_work/_smells/deepseek/Chart-10_C1/org/jfree/chart/imagemap/deepseek_Chart_10_C1_Test.java,/mnt/d/semester5/swt301/research/comparative-llms-test-generation/_d4j_work/Chart_10f/source/org/jfree/chart/imagemap/StandardToolTipTagFragmentGenerator.java
deepseek__Chart-10__C2,/mnt/d/semester5/swt301/research/comparative-llms-test-generation/_d4j_work/_smells/deepseek/Chart-10_C2/org/jfree/chart/imagemap/deepseek_Chart_10_C2_Test.java,/mnt/d/semester5/swt301/research/comparative-llms-test-generation/_d4j_work/Chart_10f/source/org/jfree/chart/imagemap/StandardToolTipTagFragmentGenerator.java
deepseek__Chart-11__C1,/mnt/d/semester5/swt301/research/comparative-llms-test-generation/_d4j_work/_smells/deepseek/Chart-11_C1/org/jfree/chart/util/deepseek_Chart_11_C1_Test.java,/mnt/d/semester5/swt301/research/comparative-llms-test-generation/_d4j_work/Chart_11f/source/org/jfree/chart/util/ShapeUtilities.java
deepseek__Chart-11__C2,/mnt/d/semester5/swt301/research/comparative-llms-test-generation/_d4j_work/_smells/deepseek/Chart-11_C2/org/jfree/chart/util/deepseek_Chart_11_C2_Test.java,/mnt/d/semester5/swt301/research/comparative-llms-test-generation/_d4j_work/Chart_11f/source/org/jfree/chart/util/ShapeUtilities.java
deepseek__Chart-15__C1,/mnt/d/semester5/swt301/research/comparative-llms-test-generation/_d4j_work/_smells/deepseek/Chart-15_C1/org/jfree/chart/plot/deepseek_Chart_15_C1_Test.java,/mnt/d/semester5/swt301/research/comparative-llms-test-generation/_d4j_work/Chart_15f/source/org/jfree/chart/plot/PiePlot.java
deepseek__Chart-15__C2,/mnt/d/semester5/swt301/research/comparative-llms-test-generation/_d4j_work/_smells/deepseek/Chart-15_C2/org/jfree/chart/plot/deepseek_Chart_15_C2_Test.java,/mnt/d/semester5/swt301/research/comparative-llms-test-generation/_d4j_work/Chart_15f/source/org/jfree/chart/plot/PiePlot.java
deepseek__Chart-17__C1,/mnt/d/semester5/swt301/research/comparative-llms-test-generation/_d4j_work/_smells/deepseek/Chart-17_C1/org/jfree/data/time/deepseek_Chart_17_C1_Test.java,/mnt/d/semester5/swt301/research/comparative-llms-test-generation/_d4j_work/Chart_17f/source/org/jfree/data/time/TimeSeries.java
deepseek__Chart-17__C2,/mnt/d/semester5/swt301/research/comparative-llms-test-generation/_d4j_work/_smells/deepseek/Chart-17_C2/org/jfree/data/time/deepseek_Chart_17_C2_Test.java,/mnt/d/semester5/swt301/research/comparative-llms-test-generation/_d4j_work/Chart_17f/source/org/jfree/data/time/TimeSeries.java
deepseek__Chart-19__C1,/mnt/d/semester5/swt301/research/comparative-llms-test-generation/_d4j_work/_smells/deepseek/Chart-19_C1/org/jfree/chart/plot/deepseek_Chart_19_C1_Test.java,/mnt/d/semester5/swt301/research/comparative-llms-test-generation/_d4j_work/Chart_19f/source/org/jfree/chart/plot/CategoryPlot.java
deepseek__Chart-19__C2,/mnt/d/semester5/swt301/research/comparative-llms-test-generation/_d4j_work/_smells/deepseek/Chart-19_C2/org/jfree/chart/plot/deepseek_Chart_19_C2_Test.java,/mnt/d/semester5/swt301/research/comparative-llms-test-generation/_d4j_work/Chart_19f/source/org/jfree/chart/plot/CategoryPlot.java
deepseek__Chart-1__C1,/mnt/d/semester5/swt301/research/comparative-llms-test-generation/_d4j_work/_smells/deepseek/Chart-1_C1/org/jfree/chart/renderer/category/deepseek_Chart_1_C1_Test.java,/mnt/d/semester5/swt301/research/comparative-llms-test-generation/_d4j_work/Chart_1f/source/org/jfree/chart/renderer/category/AbstractCategoryItemRenderer.java
deepseek__Chart-1__C2,/mnt/d/semester5/swt301/research/comparative-llms-test-generation/_d4j_work/_smells/deepseek/Chart-1_C2/org/jfree/chart/renderer/category/deepseek_Chart_1_C2_Test.java,/mnt/d/semester5/swt301/research/comparative-llms-test-generation/_d4j_work/Chart_1f/source/org/jfree/chart/renderer/category/AbstractCategoryItemRenderer.java
deepseek__Chart-21__C1,/mnt/d/semester5/swt301/research/comparative-llms-test-generation/_d4j_work/_smells/deepseek/Chart-21_C1/org/jfree/data/statistics/deepseek_Chart_21_C1_Test.java,/mnt/d/semester5/swt301/research/comparative-llms-test-generation/_d4j_work/Chart_21f/source/org/jfree/data/statistics/DefaultBoxAndWhiskerCategoryDataset.java
deepseek__Chart-21__C2,/mnt/d/semester5/swt301/research/comparative-llms-test-generation/_d4j_work/_smells/deepseek/Chart-21_C2/org/jfree/data/statistics/deepseek_Chart_21_C2_Test.java,/mnt/d/semester5/swt301/research/comparative-llms-test-generation/_d4j_work/Chart_21f/source/org/jfree/data/statistics/DefaultBoxAndWhiskerCategoryDataset.java
deepseek__Chart-22__C1,/mnt/d/semester5/swt301/research/comparative-llms-test-generation/_d4j_work/_smells/deepseek/Chart-22_C1/org/jfree/data/deepseek_Chart_22_C1_Test.java,/mnt/d/semester5/swt301/research/comparative-llms-test-generation/_d4j_work/Chart_22f/source/org/jfree/data/KeyedObjects2D.java
deepseek__Chart-22__C2,/mnt/d/semester5/swt301/research/comparative-llms-test-generation/_d4j_work/_smells/deepseek/Chart-22_C2/org/jfree/data/deepseek_Chart_22_C2_Test.java,/mnt/d/semester5/swt301/research/comparative-llms-test-generation/_d4j_work/Chart_22f/source/org/jfree/data/KeyedObjects2D.java
deepseek__Chart-23__C1,/mnt/d/semester5/swt301/research/comparative-llms-test-generation/_d4j_work/_smells/deepseek/Chart-23_C1/org/jfree/chart/renderer/category/deepseek_Chart_23_C1_Test.java,/mnt/d/semester5/swt301/research/comparative-llms-test-generation/_d4j_work/Chart_23f/source/org/jfree/chart/renderer/category/MinMaxCategoryRenderer.java
deepseek__Chart-23__C2,/mnt/d/semester5/swt301/research/comparative-llms-test-generation/_d4j_work/_smells/deepseek/Chart-23_C2/org/jfree/chart/renderer/category/deepseek_Chart_23_C2_Test.java,/mnt/d/semester5/swt301/research/comparative-llms-test-generation/_d4j_work/Chart_23f/source/org/jfree/chart/renderer/category/MinMaxCategoryRenderer.java
deepseek__Chart-24__C1,/mnt/d/semester5/swt301/research/comparative-llms-test-generation/_d4j_work/_smells/deepseek/Chart-24_C1/org/jfree/chart/renderer/deepseek_Chart_24_C1_Test.java,/mnt/d/semester5/swt301/research/comparative-llms-test-generation/_d4j_work/Chart_24f/source/org/jfree/chart/renderer/GrayPaintScale.java
deepseek__Chart-24__C2,/mnt/d/semester5/swt301/research/comparative-llms-test-generation/_d4j_work/_smells/deepseek/Chart-24_C2/org/jfree/chart/renderer/deepseek_Chart_24_C2_Test.java,/mnt/d/semester5/swt301/research/comparative-llms-test-generation/_d4j_work/Chart_24f/source/org/jfree/chart/renderer/GrayPaintScale.java
deepseek__Lang-10__C1,/mnt/d/semester5/swt301/research/comparative-llms-test-generation/_d4j_work/_smells/deepseek/Lang-10_C1/org/apache/commons/lang3/time/deepseek_Lang_10_C1_Test.java,/mnt/d/semester5/swt301/research/comparative-llms-test-generation/_d4j_work/Lang_10f/src/main/java/org/apache/commons/lang3/time/FastDateParser.java
deepseek__Lang-10__C2,/mnt/d/semester5/swt301/research/comparative-llms-test-generation/_d4j_work/_smells/deepseek/Lang-10_C2/org/apache/commons/lang3/time/deepseek_Lang_10_C2_Test.java,/mnt/d/semester5/swt301/research/comparative-llms-test-generation/_d4j_work/Lang_10f/src/main/java/org/apache/commons/lang3/time/FastDateParser.java
deepseek__Lang-19__C1,/mnt/d/semester5/swt301/research/comparative-llms-test-generation/_d4j_work/_smells/deepseek/Lang-19_C1/org/apache/commons/lang3/text/translate/deepseek_Lang_19_C1_Test.java,/mnt/d/semester5/swt301/research/comparative-llms-test-generation/_d4j_work/Lang_19f/src/main/java/org/apache/commons/lang3/text/translate/NumericEntityUnescaper.java
deepseek__Lang-19__C2,/mnt/d/semester5/swt301/research/comparative-llms-test-generation/_d4j_work/_smells/deepseek/Lang-19_C2/org/apache/commons/lang3/text/translate/deepseek_Lang_19_C2_Test.java,/mnt/d/semester5/swt301/research/comparative-llms-test-generation/_d4j_work/Lang_19f/src/main/java/org/apache/commons/lang3/text/translate/NumericEntityUnescaper.java
deepseek__Lang-22__C1,/mnt/d/semester5/swt301/research/comparative-llms-test-generation/_d4j_work/_smells/deepseek/Lang-22_C1/org/apache/commons/lang3/math/deepseek_Lang_22_C1_Test.java,/mnt/d/semester5/swt301/research/comparative-llms-test-generation/_d4j_work/Lang_22f/src/main/java/org/apache/commons/lang3/math/Fraction.java
deepseek__Lang-22__C2,/mnt/d/semester5/swt301/research/comparative-llms-test-generation/_d4j_work/_smells/deepseek/Lang-22_C2/org/apache/commons/lang3/math/deepseek_Lang_22_C2_Test.java,/mnt/d/semester5/swt301/research/comparative-llms-test-generation/_d4j_work/Lang_22f/src/main/java/org/apache/commons/lang3/math/Fraction.java
deepseek__Lang-26__C1,/mnt/d/semester5/swt301/research/comparative-llms-test-generation/_d4j_work/_smells/deepseek/Lang-26_C1/org/apache/commons/lang3/time/deepseek_Lang_26_C1_Test.java,/mnt/d/semester5/swt301/research/comparative-llms-test-generation/_d4j_work/Lang_26f/src/main/java/org/apache/commons/lang3/time/FastDateFormat.java
deepseek__Lang-26__C2,/mnt/d/semester5/swt301/research/comparative-llms-test-generation/_d4j_work/_smells/deepseek/Lang-26_C2/org/apache/commons/lang3/time/deepseek_Lang_26_C2_Test.java,/mnt/d/semester5/swt301/research/comparative-llms-test-generation/_d4j_work/Lang_26f/src/main/java/org/apache/commons/lang3/time/FastDateFormat.java
deepseek__Lang-30__C1,/mnt/d/semester5/swt301/research/comparative-llms-test-generation/_d4j_work/_smells/deepseek/Lang-30_C1/org/apache/commons/lang3/deepseek_Lang_30_C1_Test.java,/mnt/d/semester5/swt301/research/comparative-llms-test-generation/_d4j_work/Lang_30f/src/main/java/org/apache/commons/lang3/StringUtils.java
deepseek__Lang-30__C2,/mnt/d/semester5/swt301/research/comparative-llms-test-generation/_d4j_work/_smells/deepseek/Lang-30_C2/org/apache/commons/lang3/deepseek_Lang_30_C2_Test.java,/mnt/d/semester5/swt301/research/comparative-llms-test-generation/_d4j_work/Lang_30f/src/main/java/org/apache/commons/lang3/StringUtils.java
deepseek__Lang-41__C1,/mnt/d/semester5/swt301/research/comparative-llms-test-generation/_d4j_work/_smells/deepseek/Lang-41_C1/org/apache/commons/lang/deepseek_Lang_41_C1_Test.java,/mnt/d/semester5/swt301/research/comparative-llms-test-generation/_d4j_work/Lang_41f/src/java/org/apache/commons/lang/ClassUtils.java
deepseek__Lang-41__C2,/mnt/d/semester5/swt301/research/comparative-llms-test-generation/_d4j_work/_smells/deepseek/Lang-41_C2/org/apache/commons/lang/deepseek_Lang_41_C2_Test.java,/mnt/d/semester5/swt301/research/comparative-llms-test-generation/_d4j_work/Lang_41f/src/java/org/apache/commons/lang/ClassUtils.java
deepseek__Lang-42__C1,/mnt/d/semester5/swt301/research/comparative-llms-test-generation/_d4j_work/_smells/deepseek/Lang-42_C1/org/apache/commons/lang/deepseek_Lang_42_C1_Test.java,/mnt/d/semester5/swt301/research/comparative-llms-test-generation/_d4j_work/Lang_42f/src/java/org/apache/commons/lang/Entities.java
deepseek__Lang-42__C2,/mnt/d/semester5/swt301/research/comparative-llms-test-generation/_d4j_work/_smells/deepseek/Lang-42_C2/org/apache/commons/lang/deepseek_Lang_42_C2_Test.java,/mnt/d/semester5/swt301/research/comparative-llms-test-generation/_d4j_work/Lang_42f/src/java/org/apache/commons/lang/Entities.java
deepseek__Lang-57__C1,/mnt/d/semester5/swt301/research/comparative-llms-test-generation/_d4j_work/_smells/deepseek/Lang-57_C1/org/apache/commons/lang/deepseek_Lang_57_C1_Test.java,/mnt/d/semester5/swt301/research/comparative-llms-test-generation/_d4j_work/Lang_57f/src/java/org/apache/commons/lang/LocaleUtils.java
deepseek__Lang-57__C2,/mnt/d/semester5/swt301/research/comparative-llms-test-generation/_d4j_work/_smells/deepseek/Lang-57_C2/org/apache/commons/lang/deepseek_Lang_57_C2_Test.java,/mnt/d/semester5/swt301/research/comparative-llms-test-generation/_d4j_work/Lang_57f/src/java/org/apache/commons/lang/LocaleUtils.java
deepseek__Lang-60__C1,/mnt/d/semester5/swt301/research/comparative-llms-test-generation/_d4j_work/_smells/deepseek/Lang-60_C1/org/apache/commons/lang/text/deepseek_Lang_60_C1_Test.java,/mnt/d/semester5/swt301/research/comparative-llms-test-generation/_d4j_work/Lang_60f/src/java/org/apache/commons/lang/text/StrBuilder.java
deepseek__Lang-60__C2,/mnt/d/semester5/swt301/research/comparative-llms-test-generation/_d4j_work/_smells/deepseek/Lang-60_C2/org/apache/commons/lang/text/deepseek_Lang_60_C2_Test.java,/mnt/d/semester5/swt301/research/comparative-llms-test-generation/_d4j_work/Lang_60f/src/java/org/apache/commons/lang/text/StrBuilder.java
deepseek__Lang-8__C1,/mnt/d/semester5/swt301/research/comparative-llms-test-generation/_d4j_work/_smells/deepseek/Lang-8_C1/org/apache/commons/lang3/time/FastDatePrinterTest.java,/mnt/d/semester5/swt301/research/comparative-llms-test-generation/_d4j_work/Lang_8f/src/main/java/org/apache/commons/lang3/time/FastDatePrinter.java
deepseek__Lang-8__C2,/mnt/d/semester5/swt301/research/comparative-llms-test-generation/_d4j_work/_smells/deepseek/Lang-8_C2/org/apache/commons/lang3/time/FastDatePrinterTest.java,/mnt/d/semester5/swt301/research/comparative-llms-test-generation/_d4j_work/Lang_8f/src/main/java/org/apache/commons/lang3/time/FastDatePrinter.java
deepseek__Math-27__C1,/mnt/d/semester5/swt301/research/comparative-llms-test-generation/_d4j_work/_smells/deepseek/Math-27_C1/org/apache/commons/math3/fraction/deepseek_Math_27_C1_Test.java,/mnt/d/semester5/swt301/research/comparative-llms-test-generation/_d4j_work/Math_27f/src/main/java/org/apache/commons/math3/fraction/Fraction.java
deepseek__Math-27__C2,/mnt/d/semester5/swt301/research/comparative-llms-test-generation/_d4j_work/_smells/deepseek/Math-27_C2/org/apache/commons/math3/fraction/deepseek_Math_27_C2_Test.java,/mnt/d/semester5/swt301/research/comparative-llms-test-generation/_d4j_work/Math_27f/src/main/java/org/apache/commons/math3/fraction/Fraction.java
deepseek__Math-2__C1,/mnt/d/semester5/swt301/research/comparative-llms-test-generation/_d4j_work/_smells/deepseek/Math-2_C1/org/apache/commons/math3/distribution/deepseek_Math_2_C1_Test.java,/mnt/d/semester5/swt301/research/comparative-llms-test-generation/_d4j_work/Math_2f/src/main/java/org/apache/commons/math3/distribution/HypergeometricDistribution.java
deepseek__Math-2__C2,/mnt/d/semester5/swt301/research/comparative-llms-test-generation/_d4j_work/_smells/deepseek/Math-2_C2/org/apache/commons/math3/distribution/HypergeometricDistributionTest.java,/mnt/d/semester5/swt301/research/comparative-llms-test-generation/_d4j_work/Math_2f/src/main/java/org/apache/commons/math3/distribution/HypergeometricDistribution.java
deepseek__Math-53__C1,/mnt/d/semester5/swt301/research/comparative-llms-test-generation/_d4j_work/_smells/deepseek/Math-53_C1/org/apache/commons/math/complex/deepseek_Math_53_C1_Test.java,/mnt/d/semester5/swt301/research/comparative-llms-test-generation/_d4j_work/Math_53f/src/main/java/org/apache/commons/math/complex/Complex.java
deepseek__Math-53__C2,/mnt/d/semester5/swt301/research/comparative-llms-test-generation/_d4j_work/_smells/deepseek/Math-53_C2/org/apache/commons/math/complex/deepseek_Math_53_C2_Test.java,/mnt/d/semester5/swt301/research/comparative-llms-test-generation/_d4j_work/Math_53f/src/main/java/org/apache/commons/math/complex/Complex.java
deepseek__Math-55__C1,/mnt/d/semester5/swt301/research/comparative-llms-test-generation/_d4j_work/_smells/deepseek/Math-55_C1/org/apache/commons/math/geometry/deepseek_Math_55_C1_Test.java,/mnt/d/semester5/swt301/research/comparative-llms-test-generation/_d4j_work/Math_55f/src/main/java/org/apache/commons/math/geometry/Vector3D.java
deepseek__Math-55__C2,/mnt/d/semester5/swt301/research/comparative-llms-test-generation/_d4j_work/_smells/deepseek/Math-55_C2/org/apache/commons/math/geometry/deepseek_Math_55_C2_Test.java,/mnt/d/semester5/swt301/research/comparative-llms-test-generation/_d4j_work/Math_55f/src/main/java/org/apache/commons/math/geometry/Vector3D.java
deepseek__Math-59__C1,/mnt/d/semester5/swt301/research/comparative-llms-test-generation/_d4j_work/_smells/deepseek/Math-59_C1/org/apache/commons/math/util/deepseek_Math_59_C1_Test.java,/mnt/d/semester5/swt301/research/comparative-llms-test-generation/_d4j_work/Math_59f/src/main/java/org/apache/commons/math/util/FastMath.java
deepseek__Math-59__C2,/mnt/d/semester5/swt301/research/comparative-llms-test-generation/_d4j_work/_smells/deepseek/Math-59_C2/org/apache/commons/math/util/deepseek_Math_59_C2_Test.java,/mnt/d/semester5/swt301/research/comparative-llms-test-generation/_d4j_work/Math_59f/src/main/java/org/apache/commons/math/util/FastMath.java
deepseek__Math-63__C1,/mnt/d/semester5/swt301/research/comparative-llms-test-generation/_d4j_work/_smells/deepseek/Math-63_C1/org/apache/commons/math/util/deepseek_Math_63_C1_Test.java,/mnt/d/semester5/swt301/research/comparative-llms-test-generation/_d4j_work/Math_63f/src/main/java/org/apache/commons/math/util/MathUtils.java
deepseek__Math-63__C2,/mnt/d/semester5/swt301/research/comparative-llms-test-generation/_d4j_work/_smells/deepseek/Math-63_C2/org/apache/commons/math/util/deepseek_Math_63_C2_Test.java,/mnt/d/semester5/swt301/research/comparative-llms-test-generation/_d4j_work/Math_63f/src/main/java/org/apache/commons/math/util/MathUtils.java
deepseek__Math-70__C1,/mnt/d/semester5/swt301/research/comparative-llms-test-generation/_d4j_work/_smells/deepseek/Math-70_C1/org/apache/commons/math/analysis/solvers/deepseek_Math_70_C1_Test.java,/mnt/d/semester5/swt301/research/comparative-llms-test-generation/_d4j_work/Math_70f/src/main/java/org/apache/commons/math/analysis/solvers/BisectionSolver.java
deepseek__Math-70__C2,/mnt/d/semester5/swt301/research/comparative-llms-test-generation/_d4j_work/_smells/deepseek/Math-70_C2/org/apache/commons/math/analysis/solvers/deepseek_Math_70_C2_Test.java,/mnt/d/semester5/swt301/research/comparative-llms-test-generation/_d4j_work/Math_70f/src/main/java/org/apache/commons/math/analysis/solvers/BisectionSolver.java
deepseek__Math-75__C1,/mnt/d/semester5/swt301/research/comparative-llms-test-generation/_d4j_work/_smells/deepseek/Math-75_C1/org/apache/commons/math/stat/deepseek_Math_75_C1_Test.java,/mnt/d/semester5/swt301/research/comparative-llms-test-generation/_d4j_work/Math_75f/src/main/java/org/apache/commons/math/stat/Frequency.java
deepseek__Math-75__C2,/mnt/d/semester5/swt301/research/comparative-llms-test-generation/_d4j_work/_smells/deepseek/Math-75_C2/org/apache/commons/math/stat/deepseek_Math_75_C2_Test.java,/mnt/d/semester5/swt301/research/comparative-llms-test-generation/_d4j_work/Math_75f/src/main/java/org/apache/commons/math/stat/Frequency.java
deepseek__Math-79__C1,/mnt/d/semester5/swt301/research/comparative-llms-test-generation/_d4j_work/_smells/deepseek/Math-79_C1/org/apache/commons/math/util/deepseek_Math_79_C1_Test.java,/mnt/d/semester5/swt301/research/comparative-llms-test-generation/_d4j_work/Math_79f/src/main/java/org/apache/commons/math/util/MathUtils.java
deepseek__Math-79__C2,/mnt/d/semester5/swt301/research/comparative-llms-test-generation/_d4j_work/_smells/deepseek/Math-79_C2/org/apache/commons/math/util/deepseek_Math_79_C2_Test.java,/mnt/d/semester5/swt301/research/comparative-llms-test-generation/_d4j_work/Math_79f/src/main/java/org/apache/commons/math/util/MathUtils.java
deepseek__Math-9__C1,/mnt/d/semester5/swt301/research/comparative-llms-test-generation/_d4j_work/_smells/deepseek/Math-9_C1/org/apache/commons/math3/geometry/euclidean/threed/deepseek_Math_9_C1_Test.java,/mnt/d/semester5/swt301/research/comparative-llms-test-generation/_d4j_work/Math_9f/src/main/java/org/apache/commons/math3/geometry/euclidean/threed/Line.java
deepseek__Math-9__C2,/mnt/d/semester5/swt301/research/comparative-llms-test-generation/_d4j_work/_smells/deepseek/Math-9_C2/org/apache/commons/math3/geometry/euclidean/threed/deepseek_Math_9_C2_Test.java,/mnt/d/semester5/swt301/research/comparative-llms-test-generation/_d4j_work/Math_9f/src/main/java/org/apache/commons/math3/geometry/euclidean/threed/Line.java
gpt-5.5-instant__Chart-10__C1,/mnt/d/semester5/swt301/research/comparative-llms-test-generation/_d4j_work/_smells/gpt-5.5-instant/Chart-10_C1/org/jfree/chart/imagemap/gpt_5_5_instant_Chart_10_C1_Test.java,/mnt/d/semester5/swt301/research/comparative-llms-test-generation/_d4j_work/Chart_10f/source/org/jfree/chart/imagemap/StandardToolTipTagFragmentGenerator.java
gpt-5.5-instant__Chart-10__C2,/mnt/d/semester5/swt301/research/comparative-llms-test-generation/_d4j_work/_smells/gpt-5.5-instant/Chart-10_C2/org/jfree/chart/imagemap/gpt_5_5_instant_Chart_10_C2_Test.java,/mnt/d/semester5/swt301/research/comparative-llms-test-generation/_d4j_work/Chart_10f/source/org/jfree/chart/imagemap/StandardToolTipTagFragmentGenerator.java
gpt-5.5-instant__Chart-11__C1,/mnt/d/semester5/swt301/research/comparative-llms-test-generation/_d4j_work/_smells/gpt-5.5-instant/Chart-11_C1/org/jfree/chart/util/gpt_5_5_instant_Chart_11_C1_Test.java,/mnt/d/semester5/swt301/research/comparative-llms-test-generation/_d4j_work/Chart_11f/source/org/jfree/chart/util/ShapeUtilities.java
gpt-5.5-instant__Chart-11__C2,/mnt/d/semester5/swt301/research/comparative-llms-test-generation/_d4j_work/_smells/gpt-5.5-instant/Chart-11_C2/org/jfree/chart/util/gpt_5_5_instant_Chart_11_C2_Test.java,/mnt/d/semester5/swt301/research/comparative-llms-test-generation/_d4j_work/Chart_11f/source/org/jfree/chart/util/ShapeUtilities.java
gpt-5.5-instant__Chart-15__C1,/mnt/d/semester5/swt301/research/comparative-llms-test-generation/_d4j_work/_smells/gpt-5.5-instant/Chart-15_C1/org/jfree/chart/plot/gpt_5_5_instant_Chart_15_C1_Test.java,/mnt/d/semester5/swt301/research/comparative-llms-test-generation/_d4j_work/Chart_15f/source/org/jfree/chart/plot/PiePlot.java
gpt-5.5-instant__Chart-15__C2,/mnt/d/semester5/swt301/research/comparative-llms-test-generation/_d4j_work/_smells/gpt-5.5-instant/Chart-15_C2/org/jfree/chart/plot/gpt_5_5_instant_Chart_15_C2_Test.java,/mnt/d/semester5/swt301/research/comparative-llms-test-generation/_d4j_work/Chart_15f/source/org/jfree/chart/plot/PiePlot.java
gpt-5.5-instant__Chart-17__C1,/mnt/d/semester5/swt301/research/comparative-llms-test-generation/_d4j_work/_smells/gpt-5.5-instant/Chart-17_C1/org/jfree/data/time/gpt_5_5_instant_Chart_17_C1_Test.java,/mnt/d/semester5/swt301/research/comparative-llms-test-generation/_d4j_work/Chart_17f/source/org/jfree/data/time/TimeSeries.java
gpt-5.5-instant__Chart-17__C2,/mnt/d/semester5/swt301/research/comparative-llms-test-generation/_d4j_work/_smells/gpt-5.5-instant/Chart-17_C2/org/jfree/data/time/gpt_5_5_instant_Chart_17_C2_Test.java,/mnt/d/semester5/swt301/research/comparative-llms-test-generation/_d4j_work/Chart_17f/source/org/jfree/data/time/TimeSeries.java
gpt-5.5-instant__Chart-19__C1,/mnt/d/semester5/swt301/research/comparative-llms-test-generation/_d4j_work/_smells/gpt-5.5-instant/Chart-19_C1/org/jfree/chart/plot/gpt_5_5_instant_Chart_19_C1_Test.java,/mnt/d/semester5/swt301/research/comparative-llms-test-generation/_d4j_work/Chart_19f/source/org/jfree/chart/plot/CategoryPlot.java
gpt-5.5-instant__Chart-19__C2,/mnt/d/semester5/swt301/research/comparative-llms-test-generation/_d4j_work/_smells/gpt-5.5-instant/Chart-19_C2/org/jfree/chart/plot/gpt_5_5_instant_Chart_19_C2_Test.java,/mnt/d/semester5/swt301/research/comparative-llms-test-generation/_d4j_work/Chart_19f/source/org/jfree/chart/plot/CategoryPlot.java
gpt-5.5-instant__Chart-1__C1,/mnt/d/semester5/swt301/research/comparative-llms-test-generation/_d4j_work/_smells/gpt-5.5-instant/Chart-1_C1/org/jfree/chart/renderer/category/gpt_5_5_instant_Chart_1_C1_Test.java,/mnt/d/semester5/swt301/research/comparative-llms-test-generation/_d4j_work/Chart_1f/source/org/jfree/chart/renderer/category/AbstractCategoryItemRenderer.java
gpt-5.5-instant__Chart-1__C2,/mnt/d/semester5/swt301/research/comparative-llms-test-generation/_d4j_work/_smells/gpt-5.5-instant/Chart-1_C2/org/jfree/chart/renderer/category/gpt_5_5_instant_Chart_1_C2_Test.java,/mnt/d/semester5/swt301/research/comparative-llms-test-generation/_d4j_work/Chart_1f/source/org/jfree/chart/renderer/category/AbstractCategoryItemRenderer.java
gpt-5.5-instant__Chart-21__C1,/mnt/d/semester5/swt301/research/comparative-llms-test-generation/_d4j_work/_smells/gpt-5.5-instant/Chart-21_C1/org/jfree/data/statistics/gpt_5_5_instant_Chart_21_C1_Test.java,/mnt/d/semester5/swt301/research/comparative-llms-test-generation/_d4j_work/Chart_21f/source/org/jfree/data/statistics/DefaultBoxAndWhiskerCategoryDataset.java
gpt-5.5-instant__Chart-21__C2,/mnt/d/semester5/swt301/research/comparative-llms-test-generation/_d4j_work/_smells/gpt-5.5-instant/Chart-21_C2/org/jfree/data/statistics/gpt_5_5_instant_Chart_21_C2_Test.java,/mnt/d/semester5/swt301/research/comparative-llms-test-generation/_d4j_work/Chart_21f/source/org/jfree/data/statistics/DefaultBoxAndWhiskerCategoryDataset.java
gpt-5.5-instant__Chart-22__C1,/mnt/d/semester5/swt301/research/comparative-llms-test-generation/_d4j_work/_smells/gpt-5.5-instant/Chart-22_C1/org/jfree/data/gpt_5_5_instant_Chart_22_C1_Test.java,/mnt/d/semester5/swt301/research/comparative-llms-test-generation/_d4j_work/Chart_22f/source/org/jfree/data/KeyedObjects2D.java
gpt-5.5-instant__Chart-22__C2,/mnt/d/semester5/swt301/research/comparative-llms-test-generation/_d4j_work/_smells/gpt-5.5-instant/Chart-22_C2/org/jfree/data/gpt_5_5_instant_Chart_22_C2_Test.java,/mnt/d/semester5/swt301/research/comparative-llms-test-generation/_d4j_work/Chart_22f/source/org/jfree/data/KeyedObjects2D.java
gpt-5.5-instant__Chart-23__C1,/mnt/d/semester5/swt301/research/comparative-llms-test-generation/_d4j_work/_smells/gpt-5.5-instant/Chart-23_C1/org/jfree/chart/renderer/category/gpt_5_5_instant_Chart_23_C1_Test.java,/mnt/d/semester5/swt301/research/comparative-llms-test-generation/_d4j_work/Chart_23f/source/org/jfree/chart/renderer/category/MinMaxCategoryRenderer.java
gpt-5.5-instant__Chart-23__C2,/mnt/d/semester5/swt301/research/comparative-llms-test-generation/_d4j_work/_smells/gpt-5.5-instant/Chart-23_C2/org/jfree/chart/renderer/category/gpt_5_5_instant_Chart_23_C2_Test.java,/mnt/d/semester5/swt301/research/comparative-llms-test-generation/_d4j_work/Chart_23f/source/org/jfree/chart/renderer/category/MinMaxCategoryRenderer.java
gpt-5.5-instant__Chart-24__C1,/mnt/d/semester5/swt301/research/comparative-llms-test-generation/_d4j_work/_smells/gpt-5.5-instant/Chart-24_C1/org/jfree/chart/renderer/gpt_5_5_instant_Chart_24_C1_Test.java,/mnt/d/semester5/swt301/research/comparative-llms-test-generation/_d4j_work/Chart_24f/source/org/jfree/chart/renderer/GrayPaintScale.java
gpt-5.5-instant__Chart-24__C2,/mnt/d/semester5/swt301/research/comparative-llms-test-generation/_d4j_work/_smells/gpt-5.5-instant/Chart-24_C2/org/jfree/chart/renderer/gpt_5_5_instant_Chart_24_C2_Test.java,/mnt/d/semester5/swt301/research/comparative-llms-test-generation/_d4j_work/Chart_24f/source/org/jfree/chart/renderer/GrayPaintScale.java
gpt-5.5-instant__Lang-10__C1,/mnt/d/semester5/swt301/research/comparative-llms-test-generation/_d4j_work/_smells/gpt-5.5-instant/Lang-10_C1/org/apache/commons/lang3/time/gpt_5_5_instant_Lang_10_C1_Test.java,/mnt/d/semester5/swt301/research/comparative-llms-test-generation/_d4j_work/Lang_10f/src/main/java/org/apache/commons/lang3/time/FastDateParser.java
gpt-5.5-instant__Lang-10__C2,/mnt/d/semester5/swt301/research/comparative-llms-test-generation/_d4j_work/_smells/gpt-5.5-instant/Lang-10_C2/org/apache/commons/lang3/time/gpt_5_5_instant_Lang_10_C2_Test.java,/mnt/d/semester5/swt301/research/comparative-llms-test-generation/_d4j_work/Lang_10f/src/main/java/org/apache/commons/lang3/time/FastDateParser.java
gpt-5.5-instant__Lang-19__C1,/mnt/d/semester5/swt301/research/comparative-llms-test-generation/_d4j_work/_smells/gpt-5.5-instant/Lang-19_C1/org/apache/commons/lang3/text/translate/gpt_5_5_instant_Lang_19_C1_Test.java,/mnt/d/semester5/swt301/research/comparative-llms-test-generation/_d4j_work/Lang_19f/src/main/java/org/apache/commons/lang3/text/translate/NumericEntityUnescaper.java
gpt-5.5-instant__Lang-19__C2,/mnt/d/semester5/swt301/research/comparative-llms-test-generation/_d4j_work/_smells/gpt-5.5-instant/Lang-19_C2/org/apache/commons/lang3/text/translate/gpt_5_5_instant_Lang_19_C2_Test.java,/mnt/d/semester5/swt301/research/comparative-llms-test-generation/_d4j_work/Lang_19f/src/main/java/org/apache/commons/lang3/text/translate/NumericEntityUnescaper.java
gpt-5.5-instant__Lang-22__C1,/mnt/d/semester5/swt301/research/comparative-llms-test-generation/_d4j_work/_smells/gpt-5.5-instant/Lang-22_C1/org/apache/commons/lang3/math/gpt_5_5_instant_Lang_22_C1_Test.java,/mnt/d/semester5/swt301/research/comparative-llms-test-generation/_d4j_work/Lang_22f/src/main/java/org/apache/commons/lang3/math/Fraction.java
gpt-5.5-instant__Lang-22__C2,/mnt/d/semester5/swt301/research/comparative-llms-test-generation/_d4j_work/_smells/gpt-5.5-instant/Lang-22_C2/org/apache/commons/lang3/math/gpt_5_5_instant_Lang_22_C2_Test.java,/mnt/d/semester5/swt301/research/comparative-llms-test-generation/_d4j_work/Lang_22f/src/main/java/org/apache/commons/lang3/math/Fraction.java
gpt-5.5-instant__Lang-26__C1,/mnt/d/semester5/swt301/research/comparative-llms-test-generation/_d4j_work/_smells/gpt-5.5-instant/Lang-26_C1/org/apache/commons/lang3/time/gpt_5_5_instant_Lang_26_C1_Test.java,/mnt/d/semester5/swt301/research/comparative-llms-test-generation/_d4j_work/Lang_26f/src/main/java/org/apache/commons/lang3/time/FastDateFormat.java
gpt-5.5-instant__Lang-26__C2,/mnt/d/semester5/swt301/research/comparative-llms-test-generation/_d4j_work/_smells/gpt-5.5-instant/Lang-26_C2/org/apache/commons/lang3/time/gpt_5_5_instant_Lang_26_C2_Test.java,/mnt/d/semester5/swt301/research/comparative-llms-test-generation/_d4j_work/Lang_26f/src/main/java/org/apache/commons/lang3/time/FastDateFormat.java
gpt-5.5-instant__Lang-30__C1,/mnt/d/semester5/swt301/research/comparative-llms-test-generation/_d4j_work/_smells/gpt-5.5-instant/Lang-30_C1/org/apache/commons/lang3/gpt_5_5_instant_Lang_30_C1_Test.java,/mnt/d/semester5/swt301/research/comparative-llms-test-generation/_d4j_work/Lang_30f/src/main/java/org/apache/commons/lang3/StringUtils.java
gpt-5.5-instant__Lang-30__C2,/mnt/d/semester5/swt301/research/comparative-llms-test-generation/_d4j_work/_smells/gpt-5.5-instant/Lang-30_C2/org/apache/commons/lang3/gpt_5_5_instant_Lang_30_C2_Test.java,/mnt/d/semester5/swt301/research/comparative-llms-test-generation/_d4j_work/Lang_30f/src/main/java/org/apache/commons/lang3/StringUtils.java
gpt-5.5-instant__Lang-41__C1,/mnt/d/semester5/swt301/research/comparative-llms-test-generation/_d4j_work/_smells/gpt-5.5-instant/Lang-41_C1/org/apache/commons/lang/gpt_5_5_instant_Lang_41_C1_Test.java,/mnt/d/semester5/swt301/research/comparative-llms-test-generation/_d4j_work/Lang_41f/src/java/org/apache/commons/lang/ClassUtils.java
gpt-5.5-instant__Lang-41__C2,/mnt/d/semester5/swt301/research/comparative-llms-test-generation/_d4j_work/_smells/gpt-5.5-instant/Lang-41_C2/org/apache/commons/lang/gpt_5_5_instant_Lang_41_C2_Test.java,/mnt/d/semester5/swt301/research/comparative-llms-test-generation/_d4j_work/Lang_41f/src/java/org/apache/commons/lang/ClassUtils.java
gpt-5.5-instant__Lang-42__C1,/mnt/d/semester5/swt301/research/comparative-llms-test-generation/_d4j_work/_smells/gpt-5.5-instant/Lang-42_C1/org/apache/commons/lang/gpt_5_5_instant_Lang_42_C1_Test.java,/mnt/d/semester5/swt301/research/comparative-llms-test-generation/_d4j_work/Lang_42f/src/java/org/apache/commons/lang/Entities.java
gpt-5.5-instant__Lang-42__C2,/mnt/d/semester5/swt301/research/comparative-llms-test-generation/_d4j_work/_smells/gpt-5.5-instant/Lang-42_C2/org/apache/commons/lang/gpt_5_5_instant_Lang_42_C2_Test.java,/mnt/d/semester5/swt301/research/comparative-llms-test-generation/_d4j_work/Lang_42f/src/java/org/apache/commons/lang/Entities.java
gpt-5.5-instant__Lang-57__C1,/mnt/d/semester5/swt301/research/comparative-llms-test-generation/_d4j_work/_smells/gpt-5.5-instant/Lang-57_C1/org/apache/commons/lang/gpt_5_5_instant_Lang_57_C1_Test.java,/mnt/d/semester5/swt301/research/comparative-llms-test-generation/_d4j_work/Lang_57f/src/java/org/apache/commons/lang/LocaleUtils.java
gpt-5.5-instant__Lang-57__C2,/mnt/d/semester5/swt301/research/comparative-llms-test-generation/_d4j_work/_smells/gpt-5.5-instant/Lang-57_C2/org/apache/commons/lang/gpt_5_5_instant_Lang_57_C2_Test.java,/mnt/d/semester5/swt301/research/comparative-llms-test-generation/_d4j_work/Lang_57f/src/java/org/apache/commons/lang/LocaleUtils.java
gpt-5.5-instant__Lang-60__C1,/mnt/d/semester5/swt301/research/comparative-llms-test-generation/_d4j_work/_smells/gpt-5.5-instant/Lang-60_C1/org/apache/commons/lang/text/gpt_5_5_instant_Lang_60_C1_Test.java,/mnt/d/semester5/swt301/research/comparative-llms-test-generation/_d4j_work/Lang_60f/src/java/org/apache/commons/lang/text/StrBuilder.java
gpt-5.5-instant__Lang-60__C2,/mnt/d/semester5/swt301/research/comparative-llms-test-generation/_d4j_work/_smells/gpt-5.5-instant/Lang-60_C2/org/apache/commons/lang/text/gpt_5_5_instant_Lang_60_C2_Test.java,/mnt/d/semester5/swt301/research/comparative-llms-test-generation/_d4j_work/Lang_60f/src/java/org/apache/commons/lang/text/StrBuilder.java
gpt-5.5-instant__Lang-8__C1,/mnt/d/semester5/swt301/research/comparative-llms-test-generation/_d4j_work/_smells/gpt-5.5-instant/Lang-8_C1/org/apache/commons/lang3/time/gpt_5_5_instant_Lang_8_C1_Test.java,/mnt/d/semester5/swt301/research/comparative-llms-test-generation/_d4j_work/Lang_8f/src/main/java/org/apache/commons/lang3/time/FastDatePrinter.java
gpt-5.5-instant__Lang-8__C2,/mnt/d/semester5/swt301/research/comparative-llms-test-generation/_d4j_work/_smells/gpt-5.5-instant/Lang-8_C2/org/apache/commons/lang3/time/gpt_5_5_instant_Lang_8_C2_Test.java,/mnt/d/semester5/swt301/research/comparative-llms-test-generation/_d4j_work/Lang_8f/src/main/java/org/apache/commons/lang3/time/FastDatePrinter.java
gpt-5.5-instant__Math-27__C1,/mnt/d/semester5/swt301/research/comparative-llms-test-generation/_d4j_work/_smells/gpt-5.5-instant/Math-27_C1/org/apache/commons/math3/fraction/gpt_5_5_instant_Math_27_C1_Test.java,/mnt/d/semester5/swt301/research/comparative-llms-test-generation/_d4j_work/Math_27f/src/main/java/org/apache/commons/math3/fraction/Fraction.java
gpt-5.5-instant__Math-27__C2,/mnt/d/semester5/swt301/research/comparative-llms-test-generation/_d4j_work/_smells/gpt-5.5-instant/Math-27_C2/org/apache/commons/math3/fraction/gpt_5_5_instant_Math_27_C2_Test.java,/mnt/d/semester5/swt301/research/comparative-llms-test-generation/_d4j_work/Math_27f/src/main/java/org/apache/commons/math3/fraction/Fraction.java
gpt-5.5-instant__Math-2__C1,/mnt/d/semester5/swt301/research/comparative-llms-test-generation/_d4j_work/_smells/gpt-5.5-instant/Math-2_C1/org/apache/commons/math3/distribution/gpt_5_5_instant_Math_2_C1_Test.java,/mnt/d/semester5/swt301/research/comparative-llms-test-generation/_d4j_work/Math_2f/src/main/java/org/apache/commons/math3/distribution/HypergeometricDistribution.java
gpt-5.5-instant__Math-2__C2,/mnt/d/semester5/swt301/research/comparative-llms-test-generation/_d4j_work/_smells/gpt-5.5-instant/Math-2_C2/org/apache/commons/math3/distribution/gpt_5_5_instant_Math_2_C2_Test.java,/mnt/d/semester5/swt301/research/comparative-llms-test-generation/_d4j_work/Math_2f/src/main/java/org/apache/commons/math3/distribution/HypergeometricDistribution.java
gpt-5.5-instant__Math-53__C1,/mnt/d/semester5/swt301/research/comparative-llms-test-generation/_d4j_work/_smells/gpt-5.5-instant/Math-53_C1/org/apache/commons/math/complex/gpt_5_5_instant_Math_53_C1_Test.java,/mnt/d/semester5/swt301/research/comparative-llms-test-generation/_d4j_work/Math_53f/src/main/java/org/apache/commons/math/complex/Complex.java
gpt-5.5-instant__Math-53__C2,/mnt/d/semester5/swt301/research/comparative-llms-test-generation/_d4j_work/_smells/gpt-5.5-instant/Math-53_C2/org/apache/commons/math/complex/gpt_5_5_instant_Math_53_C2_Test.java,/mnt/d/semester5/swt301/research/comparative-llms-test-generation/_d4j_work/Math_53f/src/main/java/org/apache/commons/math/complex/Complex.java
gpt-5.5-instant__Math-55__C1,/mnt/d/semester5/swt301/research/comparative-llms-test-generation/_d4j_work/_smells/gpt-5.5-instant/Math-55_C1/org/apache/commons/math/geometry/gpt_5_5_instant_Math_55_C1_Test.java,/mnt/d/semester5/swt301/research/comparative-llms-test-generation/_d4j_work/Math_55f/src/main/java/org/apache/commons/math/geometry/Vector3D.java
gpt-5.5-instant__Math-55__C2,/mnt/d/semester5/swt301/research/comparative-llms-test-generation/_d4j_work/_smells/gpt-5.5-instant/Math-55_C2/org/apache/commons/math/geometry/gpt_5_5_instant_Math_55_C2_Test.java,/mnt/d/semester5/swt301/research/comparative-llms-test-generation/_d4j_work/Math_55f/src/main/java/org/apache/commons/math/geometry/Vector3D.java
gpt-5.5-instant__Math-59__C1,/mnt/d/semester5/swt301/research/comparative-llms-test-generation/_d4j_work/_smells/gpt-5.5-instant/Math-59_C1/org/apache/commons/math/util/gpt_5_5_instant_Math_59_C1_Test.java,/mnt/d/semester5/swt301/research/comparative-llms-test-generation/_d4j_work/Math_59f/src/main/java/org/apache/commons/math/util/FastMath.java
gpt-5.5-instant__Math-59__C2,/mnt/d/semester5/swt301/research/comparative-llms-test-generation/_d4j_work/_smells/gpt-5.5-instant/Math-59_C2/org/apache/commons/math/util/gpt_5_5_instant_Math_59_C2_Test.java,/mnt/d/semester5/swt301/research/comparative-llms-test-generation/_d4j_work/Math_59f/src/main/java/org/apache/commons/math/util/FastMath.java
gpt-5.5-instant__Math-63__C1,/mnt/d/semester5/swt301/research/comparative-llms-test-generation/_d4j_work/_smells/gpt-5.5-instant/Math-63_C1/org/apache/commons/math/util/gpt_5_5_instant_Math_63_C1_Test.java,/mnt/d/semester5/swt301/research/comparative-llms-test-generation/_d4j_work/Math_63f/src/main/java/org/apache/commons/math/util/MathUtils.java
gpt-5.5-instant__Math-63__C2,/mnt/d/semester5/swt301/research/comparative-llms-test-generation/_d4j_work/_smells/gpt-5.5-instant/Math-63_C2/org/apache/commons/math/util/gpt_5_5_instant_Math_63_C2_Test.java,/mnt/d/semester5/swt301/research/comparative-llms-test-generation/_d4j_work/Math_63f/src/main/java/org/apache/commons/math/util/MathUtils.java
gpt-5.5-instant__Math-70__C1,/mnt/d/semester5/swt301/research/comparative-llms-test-generation/_d4j_work/_smells/gpt-5.5-instant/Math-70_C1/org/apache/commons/math/analysis/solvers/gpt_5_5_instant_Math_70_C1_Test.java,/mnt/d/semester5/swt301/research/comparative-llms-test-generation/_d4j_work/Math_70f/src/main/java/org/apache/commons/math/analysis/solvers/BisectionSolver.java
gpt-5.5-instant__Math-70__C2,/mnt/d/semester5/swt301/research/comparative-llms-test-generation/_d4j_work/_smells/gpt-5.5-instant/Math-70_C2/org/apache/commons/math/analysis/solvers/gpt_5_5_instant_Math_70_C2_Test.java,/mnt/d/semester5/swt301/research/comparative-llms-test-generation/_d4j_work/Math_70f/src/main/java/org/apache/commons/math/analysis/solvers/BisectionSolver.java
gpt-5.5-instant__Math-75__C1,/mnt/d/semester5/swt301/research/comparative-llms-test-generation/_d4j_work/_smells/gpt-5.5-instant/Math-75_C1/org/apache/commons/math/stat/gpt_5_5_instant_Math_75_C1_Test.java,/mnt/d/semester5/swt301/research/comparative-llms-test-generation/_d4j_work/Math_75f/src/main/java/org/apache/commons/math/stat/Frequency.java
gpt-5.5-instant__Math-75__C2,/mnt/d/semester5/swt301/research/comparative-llms-test-generation/_d4j_work/_smells/gpt-5.5-instant/Math-75_C2/org/apache/commons/math/stat/gpt_5_5_instant_Math_75_C2_Test.java,/mnt/d/semester5/swt301/research/comparative-llms-test-generation/_d4j_work/Math_75f/src/main/java/org/apache/commons/math/stat/Frequency.java
gpt-5.5-instant__Math-79__C1,/mnt/d/semester5/swt301/research/comparative-llms-test-generation/_d4j_work/_smells/gpt-5.5-instant/Math-79_C1/org/apache/commons/math/util/gpt_5_5_instant_Math_79_C1_Test.java,/mnt/d/semester5/swt301/research/comparative-llms-test-generation/_d4j_work/Math_79f/src/main/java/org/apache/commons/math/util/MathUtils.java
gpt-5.5-instant__Math-79__C2,/mnt/d/semester5/swt301/research/comparative-llms-test-generation/_d4j_work/_smells/gpt-5.5-instant/Math-79_C2/org/apache/commons/math/util/gpt_5_5_instant_Math_79_C2_Test.java,/mnt/d/semester5/swt301/research/comparative-llms-test-generation/_d4j_work/Math_79f/src/main/java/org/apache/commons/math/util/MathUtils.java
gpt-5.5-instant__Math-9__C1,/mnt/d/semester5/swt301/research/comparative-llms-test-generation/_d4j_work/_smells/gpt-5.5-instant/Math-9_C1/org/apache/commons/math3/geometry/euclidean/threed/gpt_5_5_instant_Math_9_C1_Test.java,/mnt/d/semester5/swt301/research/comparative-llms-test-generation/_d4j_work/Math_9f/src/main/java/org/apache/commons/math3/geometry/euclidean/threed/Line.java
gpt-5.5-instant__Math-9__C2,/mnt/d/semester5/swt301/research/comparative-llms-test-generation/_d4j_work/_smells/gpt-5.5-instant/Math-9_C2/org/apache/commons/math3/geometry/euclidean/threed/gpt_5_5_instant_Math_9_C2_Test.java,/mnt/d/semester5/swt301/research/comparative-llms-test-generation/_d4j_work/Math_9f/src/main/java/org/apache/commons/math3/geometry/euclidean/threed/Line.java
